peak_to_valley_um,rms_residual_um,plane_x_slope,plane_y_slope,product_test_score,month,part_id
0.989186545454551,0.2077475226308913,0.15453054545455172,0.0003418181818162225,93.573,current,C-0000
0.8068056363636273,0.17806109119514626,0.12523145454545984,-0.03980248484848303,94.206,current,C-0001
1.1280488484848448,0.24293526788694783,0.18371533333334075,-0.05182139393939522,93.156,current,C-0002
0.9404317575757233,0.20511324919899637,0.17291066666667246,-0.05073527272727496,93.915,current,C-0003
1.294329212121184,0.24980648372714662,0.097586303030311,-0.0507372121212164,96.373,current,C-0004
1.2065317575757817,0.26987246997278586,0.18875696969697664,-0.0902726060606085,97.284,current,C-0005
1.0088693333333225,0.20715281475570657,0.23838593939394462,-0.08487103030303444,92.675,current,C-0006
1.4287920000000227,0.22957094710416498,0.18362751515151898,-0.1112423030303038,93.29,current,C-0007
1.1203503030302358,0.2029753381610085,0.20110424242425215,-0.050824848484850804,94.043,current,C-0008
1.355295272727247,0.24648209715822178,0.1775949090909157,-0.008906666666668173,92.263,current,C-0009
1.03084878787881,0.23825063879064712,0.2698666060606138,-0.07503109090909277,93.16,current,C-0010
1.3896570909090897,0.2550990205542892,0.12839103030303606,-0.07064424242424572,95.035,current,C-0011
0.8791134545454327,0.18477724582301602,0.2840707878787935,-0.06221684848485154,95.204,current,C-0012
0.9821270303030545,0.18830848646488849,0.14454127272727785,-0.02299048484848676,95.876,current,C-0013
1.036044969696981,0.20457919173254044,0.21004315151515782,-0.11559612121212304,93.187,current,C-0014
0.8431357575757588,0.16920076032290304,0.18261121212121886,-0.09614939393939537,94.035,current,C-0015
1.0011921212121635,0.19296532722690846,0.16188345454546021,-0.040025030303029396,95.911,current,C-0016
0.9849061212120986,0.22140237771854254,0.22043642424242918,-0.04489036363636423,94.758,current,C-0017
1.1110928484848301,0.2055856058736214,0.16881987878788332,-0.018057454545456153,96.708,current,C-0018
1.1490759999999867,0.23707876110438045,0.12092981818182338,-0.022988484848484703,95.004,current,C-0019
1.4266900606060844,0.2617575693386156,0.21908290909091474,-0.07545612121212208,93.154,current,C-0020
1.2152663030303472,0.27513145889280827,0.15945806060606701,-0.08141842424242718,94.821,current,C-0021
1.0681606060606441,0.20687452739025025,0.1796072121212184,-0.06274951515151628,92.418,current,C-0022
1.0327347878787592,0.22011369451152996,0.18333721212121787,-0.03562327272727295,94.492,current,C-0023
0.9137415151515498,0.18375185254238258,0.22369096969697522,0.005191575757571343,91.818,current,C-0024
0.8855712727272831,0.19441268758018732,0.17274309090909612,0.014276060606061236,95.427,current,C-0025
1.0641016969696935,0.21850562939229115,0.21015915151515768,-0.02913515151515611,93.49,current,C-0026
0.826130424242379,0.17073264405514393,0.17263200000000564,-0.0712355151515176,96.62,current,C-0027
1.1755749090909475,0.22674315855503813,0.14026654545454992,-0.09984739393939712,95.642,current,C-0028
1.1537396363636816,0.21462221676774976,0.15531733333333905,-0.079705939393941,92.403,current,C-0029
1.3185806060606424,0.2583769339090514,0.18179418181818732,-0.08630242424242596,99.98,current,C-0030
0.8689822424242308,0.1994819176112169,0.1923062424242468,-0.07437933333333113,91.651,current,C-0031
1.3288344242424088,0.23704742834728323,0.22636387878788458,-0.08761890909091008,95.118,current,C-0032
1.1338127272727192,0.1894915085534138,0.14000612121212633,-0.05911860606060948,97.128,current,C-0033
1.1157004848484888,0.2062964911113331,0.14450024242424783,-0.04507866666666871,93.836,current,C-0034
1.1894664242423687,0.24128677692008876,0.22654969696970373,-0.032961696969703524,92.413,current,C-0035
0.8553595151515339,0.18712110170365062,0.22068278787879186,-0.05282836363636534,92.591,current,C-0036
1.2205000000000155,0.26050151775001346,0.10156375757576552,-0.015698545454545965,97.239,current,C-0037
0.979996121212146,0.20749334724180013,0.27635072727273335,-0.0428466060606052,93.336,current,C-0038
0.9269963636363912,0.18958001608539715,0.1372880606060667,-0.04284406060606294,93.901,current,C-0039
1.0287031515151313,0.1998173657387867,0.20438945454546106,-0.0753390303030308,94.094,current,C-0040
0.8387879999999655,0.1768299513406917,0.18395709090909618,-0.050602060606060206,93.085,current,C-0041
1.3578953939394296,0.27101130230043163,0.15217157575758336,-0.030201515151516034,97.237,current,C-0042
1.1622724848485149,0.25891525807327676,0.23159696969697666,-0.07721236363636486,92.347,current,C-0043
1.1336761212121473,0.26246267434396814,0.18660284848485445,0.016083818181817477,96.727,current,C-0044
1.0617232121211941,0.2125646812289608,0.14744200000000535,-0.029466606060609024,95.753,current,C-0045
1.0078914545454865,0.18383479708010875,0.23836830303031245,-0.05818903030302813,95.746,current,C-0046
1.6825121212121132,0.3015727518530855,0.18283248484848968,-0.039314909090911954,96.21,current,C-0047
0.9717802424242521,0.22257111825484452,0.1988281212121278,-0.050225333333333566,92.468,current,C-0048
0.9990722424242477,0.19208970928630467,0.16199442424242871,-0.07434109090909402,95.12,current,C-0049
1.159320242424279,0.2175594636341005,0.2057203030303103,-0.04573957575757781,95.483,current,C-0050
0.9600509090909171,0.1879064243203204,0.1276801212121269,-0.008409939393940746,99.463,current,C-0051
1.6227542424242571,0.3031369835317977,0.16931121212121908,-0.04438187878787758,96.512,current,C-0052
1.3365604848485404,0.28324028859294054,0.1356010303030364,-0.09897606060606456,91.728,current,C-0053
1.1609453939393717,0.2125119931498343,0.18733327272727687,-0.036394121212124375,95.059,current,C-0054
0.886797878787867,0.16779665097761273,0.2408135151515198,-0.09494430303030299,92.951,current,C-0055
1.2037348484848849,0.2257757687790871,0.19956818181818783,-0.08016515151515158,91.365,current,C-0056
0.9037132727272592,0.18006143399112284,0.17305121212121893,-0.07346115151515242,94.156,current,C-0057
1.047905636363616,0.22081821178853211,0.22101230303030825,-0.060929030303030984,92.902,current,C-0058
1.211484969696997,0.2499061738716183,0.1152912727272808,-0.13609442424242424,96.251,current,C-0059
0.7872444848484577,0.18282214067395108,0.13003345454546217,-0.028239151515153438,95.109,current,C-0060
1.082233818181841,0.23786016848108152,0.2712573939394012,-0.09211278787878818,91.243,current,C-0061
1.1407225454545795,0.1961407615745139,0.20234375757576453,-0.040096242424244366,94.423,current,C-0062
0.9505232727272386,0.18908789633876122,0.1642083636363727,-0.04345163636363836,93.909,current,C-0063
0.981156666666692,0.21665643601829973,0.25129096969697645,-0.05733363636363542,95.675,current,C-0064
0.9623047272727305,0.20115754750820372,0.15710472727273006,-0.06109321212121621,95.838,current,C-0065
1.1186203636363956,0.24520935486307122,0.20120072727273408,-0.034654181818181584,93.653,current,C-0066
0.9686712121212224,0.23534813635155863,0.2119747272727328,-0.12073824242424358,93.176,current,C-0067
0.7665829090909213,0.16940799202606419,0.17286884848485495,-0.05451369696969799,94.516,current,C-0068
1.0892930909090808,0.20171644833851102,0.12227248484849146,-0.03751903030303083,97.302,current,C-0069
0.8765034545454071,0.19037876918244898,0.18936563636364323,-0.02706757575757912,93.759,current,C-0070
1.2256153939393641,0.24642869222679045,0.22012327272727933,0.030142060606060284,91.264,current,C-0071
0.9361286060605991,0.17649951123153187,0.15578048484849188,-0.008636363636364663,95.477,current,C-0072
1.2807550909091034,0.25399797753531445,0.14109884848485418,0.022908060606061653,98.297,current,C-0073
1.1192815757575403,0.23677375481222282,0.2577513939394009,-0.0863596363636372,94.563,current,C-0074
0.962344969696943,0.19638479161083292,0.21027375757576366,-0.07788624242424369,95.194,current,C-0075
1.0652597575757383,0.2017563616519445,0.08541006060606438,-0.07292484848485259,93.711,current,C-0076
1.1708538181818327,0.24152328652094573,0.14100193939394517,-0.058459636363640044,96.186,current,C-0077
1.0390281212121337,0.23401498123397851,0.17898715151515635,-0.030369212121215128,93.825,current,C-0078
1.1655115757575345,0.25475961304020267,0.1606944848484932,-0.08021933333333386,95.017,current,C-0079
1.0091590303030316,0.18864588628730128,0.21591169696969967,0.02578478787878602,96.328,current,C-0080
1.0886436363636705,0.21241577903389322,0.20807557575758198,-0.08361315151515214,95.23,current,C-0081
1.098982303030354,0.20914209867188144,0.183186363636368,-0.036354606060610806,97.43,current,C-0082
1.1489409090909177,0.17592976681455624,0.17434090909091504,-0.043973030303032346,92.777,current,C-0083
1.1520675151514865,0.2633856872444139,0.1997466666666715,-0.05727478787878937,95.345,current,C-0084
1.237146909090896,0.27153923365035915,0.15938042424243204,-0.07831763636363753,96.683,current,C-0085
1.390489151515112,0.2843747927315658,0.11572430303030991,-0.0902378787878817,94.271,current,C-0086
1.1212387878787808,0.23504124860091868,0.1457299393939446,-0.09883963636363902,94.458,current,C-0087
0.9255658181818021,0.1887620833581174,0.17134690909091552,-0.029892242424244486,97.905,current,C-0088
1.1110442424242564,0.21073575334973124,0.10672363636364175,-0.06645006060606207,97.225,current,C-0089
1.382450666666685,0.2819251914438773,0.1710293333333373,-0.09306666666666885,91.292,current,C-0090
0.8892146060606265,0.19953879012035944,0.1846772727272787,-0.061294484848486874,93.941,current,C-0091
0.9888943030302926,0.20148922014213314,0.19923375757576273,-0.03797206060606051,93.601,current,C-0092
1.1180210303030762,0.2230812979402288,0.13537472727273278,-0.10397448484848582,92.731,current,C-0093
0.9097217575757384,0.19586136367006424,0.10219957575758185,-0.049204909090910576,97.063,current,C-0094
1.1906718787878816,0.2280448608530459,0.1956053939394014,-0.027892424242425662,94.545,current,C-0095
1.0357321212121064,0.207148186358842,0.16509369696970233,-0.013673575757579215,95.135,current,C-0096
1.157803636363667,0.21398532856164798,0.18388872727273248,-0.06463200000000136,94.348,current,C-0097
1.1365264242424402,0.21581179604011577,0.20112181818182207,-0.0519826666666674,93.633,current,C-0098
1.083175636363606,0.1814168142656657,0.22354715151515486,0.005403030303030576,92.043,current,C-0099
1.1617823636363767,0.18420967468102983,0.243053636363642,-0.12277509090909078,92.179,current,C-0100
1.2639761212121385,0.2668030522868993,0.19803181818182464,-0.13061278787879083,94.396,current,C-0101
1.060879393939409,0.22037006503469114,0.20269078787879283,-0.022451757575757014,93.351,current,C-0102
0.8385710303030294,0.1721203350590756,0.15032739393939987,-0.08038121212121041,93.449,current,C-0103
1.2130143636363826,0.2796403888924293,0.1670521818181886,-0.08527109090909057,93.717,current,C-0104
0.9982110909091091,0.2127604698093248,0.20913496969697634,-0.006467696969696846,92.573,current,C-0105
1.0010230303030596,0.2170908344128339,0.18343309090909818,-0.07504387878788243,94.817,current,C-0106
0.810844727272773,0.1610591375507962,0.22276593939394737,-0.10181272727272983,91.419,current,C-0107
1.0452766666667088,0.20809479636097372,0.2486954545454596,-0.07864260606060647,92.573,current,C-0108
0.8029266666666572,0.17997300313514983,0.13548806060606716,-0.05226175757575824,94.387,current,C-0109
0.900909454545463,0.21108201711240676,0.19459490909091556,-0.07543648484848653,94.245,current,C-0110
1.7467546060606267,0.34010869637492164,0.20200175757576402,-0.0575873333333341,91.442,current,C-0111
1.0895961818181732,0.24887481318690752,0.14837727272727946,-0.12091690909091035,94.854,current,C-0112
0.9455254545454963,0.20981972944902175,0.18028278787879376,-0.06375709090909076,97.439,current,C-0113
0.881199272727244,0.2056008569449922,0.23024357575758195,-0.06281400000000303,90.498,current,C-0114
1.1424707878788212,0.21536770299448682,0.1656941212121265,-0.04175303030302935,94.754,current,C-0115
1.4896669090908858,0.2974294519186634,0.16704127272727978,-0.0647580000000012,94.522,current,C-0116
0.8212001818181847,0.19315776358145165,0.08714745454546015,-0.05286503030303358,95.651,current,C-0117
0.9756449696969725,0.19629609243243326,0.18271381818182278,-0.021131757575759025,94.686,current,C-0118
1.4260669090909488,0.24793310811471747,0.15468357575758057,-0.07456636363636804,93.116,current,C-0119
1.0031551515151733,0.19022900345476695,0.181971757575765,-0.005339878787880892,94.39,current,C-0120
1.463869393939376,0.288031970432629,0.24816030303030853,-0.07867484848484985,93.724,current,C-0121
1.3449409696970207,0.24982258801191293,0.22886400000000517,-0.11607139393939647,93.57,current,C-0122
0.9081567272726829,0.1762245981450772,0.221846666666672,-0.06504751515151241,95.851,current,C-0123
1.2381712727272927,0.22858250914846043,0.1817127272727343,-0.11844860606060692,92.934,current,C-0124
1.0604177575757703,0.20476400003203976,0.18895569696970288,-0.11090212121212062,91.469,current,C-0125
0.9531310303030409,0.18698350314018533,0.13845703030303766,-0.045375333333332435,93.113,current,C-0126
0.9142978181817938,0.1895287733182353,0.21922787878788388,-0.0653912727272754,94.814,current,C-0127
1.0325707272727058,0.17943930172868705,0.21165521212121938,-0.09638600000000253,94.159,current,C-0128
1.4058317575757044,0.23620613517601038,0.14293381818182524,-0.09115115151515596,94.682,current,C-0129
1.1201548484848871,0.2220080742725638,0.12695096969697703,-0.06878793939394434,93.655,current,C-0130
1.036138303030313,0.21271085105807033,0.1757893939393973,-0.08112987878788047,94.658,current,C-0131
1.3539378181818549,0.24596828834732953,0.20683254545455287,0.023165393939391876,93.382,current,C-0132
1.0450209090908587,0.20055809413468986,0.12145921212121882,-0.05045884848484938,96.133,current,C-0133
1.3545103636363436,0.22131921039194768,0.25350090909091355,-0.0770713333333326,91.211,current,C-0134
0.8886690909090333,0.18327503288310448,0.186482303030308,-0.07075515151515965,95.66,current,C-0135
0.9574769696969483,0.2001107240389532,0.1626281212121262,-0.043748242424243244,98.056,current,C-0136
0.8754595151515332,0.17982491079094104,0.22783866666667235,-0.05663927272727243,92.782,current,C-0137
1.304017030303008,0.2658197011492198,0.13546757575758264,-0.011207454545454354,95.61,current,C-0138
1.3260729696969662,0.28479065069541015,0.21035333333333683,-0.10026509090908853,92.545,current,C-0139
0.9468548484848398,0.19675209729404672,0.22862393939394543,-0.061002727272732926,95.939,current,C-0140
1.17538945454546,0.23236880422059492,0.20202509090909632,-0.04842981818181791,92.925,current,C-0141
1.144782181818222,0.20928769008610082,0.26056242424243076,-0.09773248484848907,93.012,current,C-0142
1.1617073939393663,0.23130540139404632,0.21881200000000708,-0.05331684848484919,94.001,current,C-0143
0.9138000000000446,0.1954212720917028,0.16621539393940102,-0.05168460606060776,95.796,current,C-0144
1.276611090909114,0.24467182104278698,0.14965921212121927,-0.014053757575755554,95.736,current,C-0145
0.9790906666666643,0.18379962960558824,0.13474957575758242,-0.0007647272727293597,95.862,current,C-0146
0.9069454545454221,0.23422930271980527,0.16794327272727935,-0.02117939393939494,97.366,current,C-0147
0.9199718787878837,0.17454076878830435,0.15924193939394665,-0.012718303030302636,96.402,current,C-0148
1.2900778181817998,0.2691110388249699,0.19967381818182556,-0.05984181818181611,97.082,current,C-0149
0.7773014545454799,0.1791392207807641,0.1522652121212188,-0.08606484848485074,92.677,current,C-0150
0.6921236363636609,0.14641655462050537,0.20959860606061,-0.06663060606061144,94.28,current,C-0151
0.8380719999999755,0.1908195137363466,0.13539084848485425,-0.048811575757579106,93.877,current,C-0152
1.0891438787879153,0.2271187686302506,0.14140812121212584,-0.05607369696969755,94.333,current,C-0153
1.2671718787878916,0.18813052189886512,0.20480387878788336,-0.04019648484848659,94.927,current,C-0154
0.9096705454545031,0.167335494882423,0.2570507272727331,-0.0942743636363641,95.212,current,C-0155
0.9552330303030132,0.19130733570127725,0.20764878787879298,-0.04363969696970038,94.819,current,C-0156
1.0920447272727003,0.21899574049164702,0.21916769696970587,-0.09084503030302926,91.642,current,C-0157
0.923933939393919,0.1797449693308761,0.07866169696970288,-0.058293575757575766,97.3,current,C-0158
0.9733120000000497,0.2033520719483751,0.1877530909090988,-0.04860775757575908,94.548,current,C-0159
0.8408877575757643,0.17275366013927193,0.20751321212121754,-0.07656072727272445,92.214,current,C-0160
1.2685861818181579,0.28057063005283067,0.1967324848484926,-0.04252909090909185,92.997,current,C-0161
1.1126042424242755,0.2014066438548604,0.09817800000000503,-0.08271812121212285,97.759,current,C-0162
1.1299733333333322,0.23325514654700935,0.23686666666667142,-0.03392666666666955,92.739,current,C-0163
0.8697602424242135,0.1955945532702017,0.20152400000000673,-0.028397939393942195,95.729,current,C-0164
1.0302218181818077,0.1776924763837624,0.2694042424242493,-0.019614787878788675,90.963,current,C-0165
0.9463518787879011,0.19749748404718886,0.10253163636364217,-0.04409684848485007,97.873,current,C-0166
0.9247694545454621,0.19217100609305798,0.16433436363636975,-0.11253363636364,92.634,current,C-0167
1.126573696969679,0.1901674485206352,0.26307878787879346,-0.01291006060606037,94.466,current,C-0168
1.3339563636363394,0.30271122445417414,0.1758312727272795,-0.05282036363636422,93.635,current,C-0169
0.8448624242424358,0.1807057998399278,0.17490963636364296,-0.08155278787879006,92.227,current,C-0170
1.0112066666666522,0.1896993217348621,0.16364666666667305,-0.03576666666667094,95.347,current,C-0171
1.3506160000000165,0.2917393098828288,0.19294690909091464,-0.0414938181818183,93.206,current,C-0172
0.9031396363635977,0.22009367848975483,0.10540363636364297,-0.05092169696970039,97.992,current,C-0173
1.2491123636363994,0.27238236617110473,0.19150266666667218,-0.07470072727272736,94.668,current,C-0174
0.9627262424242318,0.19834666211008453,0.22462478787879342,-0.07203533333333034,93.205,current,C-0175
0.8557849696969342,0.18863429258882064,0.26341296969697753,-0.06920303030302755,91.503,current,C-0176
1.4659019393939658,0.27284836745020585,0.20350290909091542,-0.05570484848484902,92.851,current,C-0177
0.8517296969696275,0.1584441844371054,0.16437515151515772,-0.025503878787885625,94.497,current,C-0178
0.9923441212120991,0.18267432017996466,0.1863500606060687,-0.05473430303030469,95.162,current,C-0179
1.1049024848484805,0.21046779671102647,0.183350848484856,-0.0661633333333338,93.31,current,C-0180
0.9997477575757614,0.19732318673903637,0.18979539393939887,-0.034833212121210266,92.414,current,C-0181
0.8729403030302905,0.2021264662856435,0.09655848484849121,-0.013725151515149747,96.625,current,C-0182
1.0248750303030434,0.19999316068608972,0.1211118787878811,-0.10240266666667175,95.361,current,C-0183
0.7924014545454838,0.17117740069119497,0.1975161212121267,-0.0516624242424264,95.238,current,C-0184
1.0558848484848369,0.22333689589205172,0.21424284848485511,-0.048542727272730346,96.099,current,C-0185
1.2876372727272312,0.2250600282640432,0.24992503030303778,-0.01679060606060645,97.078,current,C-0186
1.042434060606091,0.21258428332966625,0.2744835151515214,-0.04730218181818202,93.316,current,C-0187
1.135795030303015,0.244403019740804,0.1574024242424308,-0.06297563636363712,95.19,current,C-0188
1.0506836363636154,0.1968373956938711,0.18123545454546106,-0.09567000000000014,95.622,current,C-0189
1.430344727272761,0.29744938615400474,0.2020133333333409,-0.013584484848484735,96.742,current,C-0190
0.7723672727272586,0.16086691724311428,0.1757213939393993,-0.12138866666666459,91.775,current,C-0191
1.0138157575757418,0.20846999772164002,0.10484000000000482,-0.027995151515153083,93.716,current,C-0192
1.0607355151515208,0.19818230509550983,0.19813163636364314,-0.08766484848485057,93.796,current,C-0193
0.8549695757575648,0.1810251202639455,0.22599533333333974,-0.04475496969696913,94.48,current,C-0194
1.6669600000000315,0.3424850584774064,0.1731692727272794,-0.04431727272727137,94.149,current,C-0195
1.0679268484848876,0.2261916121967202,0.2251160606060676,-0.11800890909090889,90.57,current,C-0196
1.2809960000000373,0.23057282519004998,0.1820275151515217,0.006303515151513395,93.706,current,C-0197
1.3903210909090902,0.2477703119499135,0.14338957575758152,-0.06408169696970312,95.193,current,C-0198
1.2841072727272262,0.24209852744123034,0.1642932121212196,-0.04720666666666773,95.622,current,C-0199
0.989343878787885,0.2101818274606462,0.1544049090909164,-0.10184975757575998,94.776,current,C-0200
1.0106648484848293,0.21411335523495395,0.17849727272727897,-0.05091133333333531,96.882,current,C-0201
0.8756527272727226,0.2061245110903658,0.17034981818182138,-0.03500775757576058,95.35,current,C-0202
1.0075984242423885,0.22319604221489625,0.1722782424242496,-0.04227012121212148,94.923,current,C-0203
1.270551151515157,0.23309100457091575,0.2682003636363673,-0.013338060606065127,92.916,current,C-0204
1.11479672727274,0.21334543429647487,0.2077677575757643,-0.0721967272727273,96.909,current,C-0205
1.134610969696979,0.19403304153807172,0.08894672727273324,-0.004253878787883636,96.541,current,C-0206
1.4841437575757794,0.20321734490247625,0.19758593939394573,-0.11871696969697254,94.552,current,C-0207
0.8460352727272848,0.16759815786938712,0.2260580606060667,-0.06608169696969846,93.741,current,C-0208
1.069107939393966,0.21545620054208328,0.06441242424243139,-0.025341757575759516,94.782,current,C-0209
1.1181453333333735,0.21924827915574968,0.15088369696970266,-0.10300175757576113,95.168,current,C-0210
1.0493413939393292,0.20355851815268014,0.19312127272728055,-0.039883212121214484,93.479,current,C-0211
0.8839985454545101,0.18637196525692176,0.18338854545455197,-0.04056490909091259,92.224,current,C-0212
1.080512363636359,0.21775672232520876,0.1852792727272772,-0.033245090909094444,96.781,current,C-0213
1.0297627878787452,0.23797075359927367,0.19364048484849095,-0.08691345454545463,92.791,current,C-0214
1.3197562424242122,0.27844539004634355,0.14175115151515694,-0.054244000000000625,95.648,current,C-0215
0.9392350303030312,0.1795975481563931,0.16216418181818826,-0.11508248484848416,93.775,current,C-0216
1.424787272727258,0.26781900832125793,0.2089672727272781,-0.05259454545454645,91.124,current,C-0217
1.0092111515151174,0.1700466982507148,0.1596571515151578,-0.06896563636363595,95.433,current,C-0218
0.9524693333332905,0.19682946880038657,0.18891818181818779,-0.027721575757578165,93.459,current,C-0219
0.8666518181818503,0.18248204348498093,0.17217036363636992,-0.061787454545457976,91.175,current,C-0220
1.1668757575757454,0.22396020945403913,0.09975606060606468,-0.022515818181821246,94.599,current,C-0221
1.3236223030302767,0.25169056172622095,0.14136290909091453,-0.0428747878787874,94.707,current,C-0222
1.167693939393942,0.21363963816897275,0.1271939393939434,0.0043600000000001415,95.322,current,C-0223
1.097114666666691,0.23853259831068893,0.15514387878788574,-0.032656606060607274,95.621,current,C-0224
0.963021272727282,0.1880006286141165,0.12417193939394668,-0.047587333333334314,93.626,current,C-0225
1.2115738181817832,0.20715770671933026,0.1573412121212196,-0.06326133333333495,96.764,current,C-0226
1.015730545454531,0.19996564863874774,0.21115927272727894,-0.05513612121212397,94.065,current,C-0227
1.1163789696969175,0.25599444806580307,0.1470327878787951,-0.10478927272727567,93.136,current,C-0228
1.0417715151514813,0.20342027193666756,0.23790569696970337,-0.003233454545457093,94.67,current,C-0229
1.316827030303024,0.2196733335406892,0.14154672727273493,-0.01041896969696765,99.481,current,C-0230
1.4393143030303293,0.26187722577458633,0.20481975757576315,-0.11100387878787998,92.337,current,C-0231
1.0946295757575655,0.1839944559655553,0.18836775757576327,-0.1216825454545436,92.037,current,C-0232
1.1489318787878915,0.250167320169134,0.1421178181818226,-0.011151878787877934,98.193,current,C-0233
1.2073692121212503,0.22104064024161754,0.14631357575758394,-0.1123716363636369,92.615,current,C-0234
0.8825649696969577,0.1658867334118689,0.16356824242424603,-0.061426545454548176,95.184,current,C-0235
1.0651396363636607,0.20618164117666493,0.21484133333333783,-0.09858593939394211,95.422,current,C-0236
1.4759304242424136,0.31219876521177603,0.18754230303030767,-0.13008775757576174,95.672,current,C-0237
0.9539713333333353,0.18754474306205454,0.1448613939393997,-0.11605630303030523,94.423,current,C-0238
0.9015273333333127,0.17545309054516098,0.18093812121212446,-0.10355606060606348,95.139,current,C-0239
0.897788303030282,0.2036730411223598,0.19684224242425133,0.006747575757572122,94.805,current,C-0240
1.0049069090909128,0.1809599596736553,0.23546945454545867,-0.09045345454545917,89.811,current,C-0241
1.247922666666632,0.26764740256748504,0.2846989696969737,-0.07704587878787983,92.018,current,C-0242
1.119493696969677,0.27641952176970724,0.21585624242424847,0.0007187878787870972,91.403,current,C-0243
1.070510909090892,0.2083505089894221,0.1470169090909157,-0.08124260606060574,97.653,current,C-0244
1.0508498181817956,0.24571363222822606,0.1480412121212183,-0.0982323636363649,95.48,current,C-0245
1.0846239393939072,0.20001739501451857,0.13855242424243014,-0.024588787878791152,96.733,current,C-0246
1.0851734545454548,0.23583286641821244,0.15092084848485476,-0.10234206060606432,96.395,current,C-0247
0.9675684848485133,0.2030305008805031,0.1394565454545502,-0.09023230303030338,96.164,current,C-0248
0.9533668484848619,0.19272874638575374,0.14495096969697646,-0.0924649090909071,97.062,current,C-0249
0.9305712121212224,0.22391435988334826,0.21228236363636951,-0.053406484848490976,96.393,current,C-0250
1.1197566060605908,0.2476495021216902,0.17557315151515712,-0.026517151515150772,94.072,current,C-0251
1.2610597575757936,0.25684115909283645,0.16550890909091454,0.025893393939389497,94.957,current,C-0252
1.207947939393918,0.22449402421209258,0.16707606060606844,-0.02041593939393671,95.482,current,C-0253
1.1510907878787435,0.2565796024871909,0.11566957575758269,-0.11049260606060685,91.766,current,C-0254
0.8533223030302963,0.16664928744976718,0.1282281212121261,-0.032039272727272916,94.785,current,C-0255
1.1167432121212002,0.20095403384318608,0.1272567878787952,-0.07863060606060657,94.671,current,C-0256
1.0187646060606212,0.206630826927757,0.16161733333333902,-0.008084242424240884,96.667,current,C-0257
0.704727272727304,0.17491268335805443,0.13200545454546056,-0.01494739393939426,94.13,current,C-0258
1.0002204848484766,0.21309809909942337,0.1829163030303098,-0.02777654545454844,95.801,current,C-0259
1.1034699393939675,0.1818391350630689,0.14170303030303558,-0.029640969696972164,94.308,current,C-0260
0.9876325454545523,0.2164247941787238,0.1715116969697023,-0.12438284848485104,91.805,current,C-0261
1.249701939393951,0.23732997184210727,0.1684473333333373,-0.04625630303030448,94.089,current,C-0262
1.0884235151515043,0.24689695183974572,0.0987256969697017,-0.060781575757577144,95.264,current,C-0263
0.9406393939393709,0.1892862522133334,0.21845418181818804,-0.08618096969696865,92.738,current,C-0264
0.9021727272727347,0.16855151019414605,0.14141854545455132,0.029822909090905014,94.467,current,C-0265
0.7945566666666792,0.20102108740589508,0.1291253939394004,-0.06532187878788065,94.32,current,C-0266
1.0888370909090668,0.2010723188654758,0.15734012121212795,-0.08406048484848405,93.512,current,C-0267
0.8442229090908668,0.17965512237921535,0.15177454545454958,-0.11027345454545312,93.897,current,C-0268
1.1131952727272747,0.2514789254600576,0.22207963636364123,-0.06990872727273079,92.694,current,C-0269
1.1456755151515523,0.23912316275066103,0.07802800000000523,-0.01935187878788014,96.931,current,C-0270
1.179662484848535,0.22971796259372543,0.19646006060606727,-0.08574369696970052,95.959,current,C-0271
1.427576727272701,0.23714099598653338,0.22254224242424864,-0.04298793939394052,93.104,current,C-0272
1.029551878787892,0.19766594863357764,0.13583406060606693,-0.02822169696969823,94.744,current,C-0273
0.7805775757575901,0.17872348822048229,0.12026581818182312,-0.08729006060606181,91.337,current,C-0274
1.3021031515151336,0.2381010923862281,0.1483001212121274,-0.012300727272728906,95.231,current,C-0275
0.9113009696969385,0.18401848524940315,0.21928260606061298,-0.06041024242424342,92.79,current,C-0276
1.1251773333332764,0.21747490411678752,0.18034618181819023,-0.07512278787878834,93.877,current,C-0277
0.9901727272727427,0.21377494953508303,0.20476690909091508,-0.049110545454546184,95.643,current,C-0278
1.3688315757575396,0.2527311640253451,0.1628832121212187,-0.037676181818183,92.902,current,C-0279
0.9538638787878781,0.18211337142801715,0.15998987878788368,-0.07664200000000321,97.42,current,C-0280
0.8927229090909137,0.1977641997957384,0.21996678787879453,-0.08105793939394168,93.625,current,C-0281
1.2158727272727603,0.22827334766445975,0.14305684848485362,-0.040943878787880195,94.836,current,C-0282
0.9004130909090762,0.17833561904488152,0.20306921212121817,-0.03334496969697298,95.426,current,C-0283
1.7725383030303092,0.3165593658954372,0.14517103030303555,-0.08272921212121709,93.387,current,C-0284
1.256129575757548,0.22018476351602112,0.20190472727273398,0.00011406060606056201,90.156,current,C-0285
0.9359084848484969,0.1900673663609673,0.17757612121212432,-0.06975624242424594,94.662,current,C-0286
0.8771707878788462,0.1878532730224377,0.14122296969697842,-0.05475800000000142,95.883,current,C-0287
1.3806999999999476,0.29768259350930176,0.15662024242424888,-0.08166836363636598,92.0,current,C-0288
1.0375372121212791,0.20496468891479702,0.190593939393944,-0.03762993939394477,94.07,current,C-0289
1.0454893333333075,0.22209935517868537,0.13333078787879576,-0.10991636363636559,93.832,current,C-0290
0.9879250909091155,0.19004967723298966,0.1820738181818242,-0.06643927272727623,95.751,current,C-0291
1.1521058181818375,0.22350832990463143,0.19148696969697457,-0.04180042424242636,96.235,current,C-0292
1.0131151515152155,0.20447417813563254,0.20088618181818887,-0.06670024242423978,94.096,current,C-0293
0.9851688484848538,0.21693945749769483,0.1871346666666716,-0.0202004848484858,91.434,current,C-0294
0.944048545454578,0.1922167061689869,0.201988545454553,-0.007194363636365608,96.088,current,C-0295
1.3294316363636582,0.24372475845392577,0.16347242424243055,-0.0006143636363660221,92.555,current,C-0296
0.8282298181818248,0.16375106436110276,0.19593066666666994,-0.08890084848485102,93.77,current,C-0297
0.7981526060606186,0.17221028678457093,0.2178263030303088,-0.0766890909090936,92.901,current,C-0298
1.3124464242423812,0.25857712930199495,0.16157781818182435,-0.0511173333333339,95.219,current,C-0299
0.8195185454545353,0.18949509953981963,0.05486806060606676,-0.0685907272727313,95.915,previous,P-0000
0.9541654545454676,0.16311019473442817,0.12267733333333936,-0.047294060606063226,93.757,previous,P-0001
0.9426099393939751,0.18772011980089004,0.14384521212121934,-0.0621709090909075,95.386,previous,P-0002
1.1771024242424133,0.19832566364319812,0.13851090909091607,-0.0838973333333346,93.866,previous,P-0003
0.9213607272727558,0.17958592664743514,0.16317890909091445,-0.06458727272727494,94.33,previous,P-0004
0.7221961818182194,0.1622083018300107,0.1069297575757635,-0.07700115151515519,97.882,previous,P-0005
1.0653985454545634,0.22272257373066645,0.0854986666666737,-0.08870121212121163,97.964,previous,P-0006
0.9252126060606116,0.1764373071365745,0.14228212121212738,-0.03872418181818027,93.776,previous,P-0007
1.258892848484848,0.23866810522513768,0.08729975757576207,-0.042968969696971726,96.209,previous,P-0008
1.1218323636363792,0.23926921489047276,0.15677466666667306,-0.004043393939394235,93.118,previous,P-0009
0.8941608484848445,0.18393606176290814,0.12385539393939941,-0.05990812121212308,96.719,previous,P-0010
0.8333570909090895,0.17542829641428437,0.12138127272727792,-0.05730490909091124,99.466,previous,P-0011
0.885397575757608,0.18535320644756592,0.07911484848485405,-0.09706466666666813,97.164,previous,P-0012
0.8772436969697424,0.17674086226030247,0.11948987878788572,-0.08195727272727105,96.462,previous,P-0013
0.9120625454545532,0.1759829458783731,0.15889606060606645,-0.048310848484854674,96.713,previous,P-0014
0.8830227878787937,0.16287375936139958,0.12418006060606636,-0.03492854545454627,96.996,previous,P-0015
0.8467613333333261,0.16583319229776217,0.07516866666667087,-0.07320066666666669,97.458,previous,P-0016
0.731598303030303,0.17460429631043026,0.03541200000000523,-0.05589915151515257,97.608,previous,P-0017
0.8982431515151177,0.1778213493311179,0.22217260606061096,-0.025364606060611194,94.539,previous,P-0018
0.9778059393939671,0.19128752102061483,0.09619630303030628,-0.06713206060606147,94.32,previous,P-0019
0.8328500000000361,0.16790046072608092,0.10303593939394463,-0.07266248484848425,97.138,previous,P-0020
1.0115412727272002,0.1649100515797333,0.10632624242424898,-0.031249757575761095,94.808,previous,P-0021
0.8841496969697218,0.17070976991231426,0.0761930909090974,-0.027922666666666984,98.131,previous,P-0022
0.8742616363636415,0.18541976475219024,0.14809012121212778,-0.03128187878787614,90.795,previous,P-0023
0.7850684848485088,0.17893181656675447,0.16654327272727856,-0.03213696969697111,94.938,previous,P-0024
0.8954092727272922,0.17562562183347274,0.11138466666667295,-0.0810371515151509,96.476,previous,P-0025
0.821424848484881,0.14817638738075686,0.11550787878788288,-0.07107866666667029,96.59,previous,P-0026
0.9205907272727529,0.18807492849337437,0.054259818181825736,-0.09931715151515164,95.693,previous,P-0027
0.9942490909091362,0.20252911240227775,0.19773836363636998,-0.022159454545457535,95.979,previous,P-0028
0.8895099999999942,0.18719264481090875,0.11814260606061207,-0.07580333333333122,94.311,previous,P-0029
0.8545687272727633,0.18708747748329005,0.08511145454546139,-0.038998242424240104,95.274,previous,P-0030
0.8949724242424679,0.18296466370155834,0.17415763636364293,-0.08044224242424214,92.911,previous,P-0031
0.789726727272722,0.1819068095376076,0.12946539393940115,-0.05669109090909252,96.382,previous,P-0032
0.9802372121212102,0.1917510883547002,0.1504289696969748,-0.09077260606060555,93.401,previous,P-0033
1.003664121212168,0.19297770434132647,0.11288193939394559,-0.0033787878787947534,98.317,previous,P-0034
0.8036655757575915,0.17832660499989325,0.13450096969697545,-0.033054545454547224,96.813,previous,P-0035
0.9984855151515006,0.18173946005310454,0.14980612121212752,-0.07960224242424552,93.362,previous,P-0036
0.8473318787879194,0.20045740037617932,0.11238896969697584,-0.11175866666667034,95.885,previous,P-0037
0.9152881818181982,0.20241982744488707,0.07454490909091492,-0.05207327272727191,96.464,previous,P-0038
1.3251427878788036,0.21683892862871396,0.06206133333333967,-0.07467175757575717,97.524,previous,P-0039
1.04188460606062,0.18323269299925082,0.16538412121212326,-0.09156121212120993,90.595,previous,P-0040
0.8725560606060583,0.18124362094463195,0.1882116969697037,-0.06972878787878933,93.476,previous,P-0041
1.1052064242424535,0.19157084351827364,0.0749613333333382,-0.08205006060605946,97.716,previous,P-0042
0.6985435151514778,0.1713033106694177,0.1581768484848551,-0.0522496969696995,95.045,previous,P-0043
0.8792704848485116,0.1781637972225492,0.08212078787879298,-0.0376672121212156,98.08,previous,P-0044
0.8457947878787877,0.17267096978875113,0.12359412121212576,-0.0648296363636387,92.271,previous,P-0045
0.9703459393939511,0.1879622812429679,0.12910533333333923,-0.06122581818182127,96.01,previous,P-0046
0.9169648484848381,0.1924679110894889,0.11206727272728002,-0.03027357575757783,95.787,previous,P-0047
0.7648187878788235,0.16665432835372262,0.11806315151515741,-0.07249660606060893,94.927,previous,P-0048
1.032290303030365,0.20366738787103875,0.12318030303031018,-0.16442393939393973,92.954,previous,P-0049
0.7764723636363726,0.16695756292234756,0.07648618181818786,-0.07437830303030601,95.533,previous,P-0050
1.3135545454545436,0.23994674338201818,0.0875381818181879,-0.04784436363636679,95.699,previous,P-0051
1.0885255151515096,0.18403886398003214,0.12275400000000432,-0.04563351515151659,96.921,previous,P-0052
0.8879055757576069,0.1754290206088715,0.13211678787879427,-0.04502163636364109,94.464,previous,P-0053
0.9164968484848686,0.17434926153852842,0.10099284848485343,-0.07179006060606063,95.496,previous,P-0054
0.9520027878787403,0.18065992462853445,0.08880254545455217,-0.059210303030305056,95.761,previous,P-0055
1.118662787878776,0.21508311478412823,0.16827909090909735,-0.05611048484848702,94.868,previous,P-0056
0.8039398181818314,0.17415177056747874,0.18679618181818827,-0.08497351515151763,98.536,previous,P-0057
0.9580824242424129,0.198340866662405,0.06150878787879169,-0.03473157575757746,99.103,previous,P-0058
1.2092673939393848,0.2271394313333212,0.14059357575758194,-0.09686363636363637,92.78,previous,P-0059
0.8735672727272856,0.16221444230223184,0.10152769696970575,-0.10903509090909225,96.26,previous,P-0060
0.9324924848484883,0.19612721997754734,0.08940921212121594,-0.07069296969696914,94.648,previous,P-0061
0.8229781818182005,0.1693684903578317,0.06761509090909558,-0.07077763636363699,99.539,previous,P-0062
0.8176090909090945,0.1722898696875983,0.22929127272727828,-0.04558533333333692,95.127,previous,P-0063
0.9222751515151302,0.1608668743892214,0.16560921212121738,-0.025405212121215826,94.432,previous,P-0064
0.7421175757575824,0.15996174129109345,0.13938927272727872,-0.060749030303034246,93.789,previous,P-0065
0.7612304242424486,0.16570714794662925,0.1752847272727335,-0.05749660606060658,94.916,previous,P-0066
0.8258780606060299,0.17117258391636805,0.21592012121212723,-0.05981381818182108,95.049,previous,P-0067
1.0121874545454546,0.19748319217356355,0.17649024242424804,-0.07341254545454667,94.772,previous,P-0068
1.0506850909090915,0.19450686071751247,0.11927600000000498,-0.129290909090912,95.132,previous,P-0069
0.9478847272726938,0.18058524083799124,0.1749387272727344,-0.055792787878788275,94.573,previous,P-0070
1.0963623030303324,0.19998440181143806,0.1751713939393997,-0.049888363636366506,92.33,previous,P-0071
0.6941086666666507,0.17639168407947664,0.08828587878788371,-0.09256757575757746,95.442,previous,P-0072
0.8654509090909386,0.1768108191866503,0.1212454545454592,-0.11753563636363751,93.757,previous,P-0073
0.7039979999999701,0.1575490404737908,0.1256923030303088,-0.06035060606060938,93.551,previous,P-0074
0.7119553333333286,0.16877877520310583,0.09865957575758222,-0.13166454545454975,95.251,previous,P-0075
1.0639895151515617,0.19090829346057872,0.23687315151515684,-0.03484406060605849,92.542,previous,P-0076
0.7372306060605993,0.18443810942369776,0.17865096969697417,-0.03803254545454848,95.561,previous,P-0077
0.9502950303030673,0.1794765991384475,0.13326703030303835,-0.12234848484848726,93.526,previous,P-0078
1.0291369696969497,0.18418678410754388,0.14243272727273285,-0.09449296969697052,92.725,previous,P-0079
1.0577947878787768,0.183553559019176,0.1271751515151561,-0.042177454545454296,94.781,previous,P-0080
1.196404848484832,0.19319250242188535,0.10647424242424772,-0.0350275757575762,94.513,previous,P-0081
0.9500161212121938,0.19014628636601852,0.17527248484849073,-0.05342981818182224,93.302,previous,P-0082
0.9685781818181738,0.1936276858109788,0.05993193939394644,-0.08295545454545739,94.236,previous,P-0083
0.9227304848485218,0.18065408145797407,0.0887889090909156,-0.09531496969697173,94.234,previous,P-0084
0.9247157575757541,0.20442344532292991,0.10622109090909662,-0.09148424242424369,96.851,previous,P-0085
0.8580418181817819,0.163049418149278,0.1397023636363713,-0.12275363636363679,94.231,previous,P-0086
0.7116483636363142,0.16622843748798496,0.07221127272727818,-0.07600448484848954,96.675,previous,P-0087
0.9595653333333516,0.18824657643085982,0.08846121212121844,-0.03472448484848378,95.695,previous,P-0088
0.8719670303030327,0.1659877876684327,0.057091575757580976,-0.045812545454548825,96.853,previous,P-0089
0.9962494545454632,0.18392024637276383,0.14165636363636933,-0.08387963636364049,94.809,previous,P-0090
1.1020526060606244,0.2040899572633536,0.12308012121212646,-0.07046812121212476,95.946,previous,P-0091
1.0783450303030477,0.1877165084425142,0.03313121212121846,-0.07675993939393955,97.944,previous,P-0092
0.9144066060606306,0.18835150135214246,0.0295278181818225,-0.11868078787878922,97.415,previous,P-0093
0.8044430303029912,0.17312391929307147,0.12130024242424892,-0.09366521212121626,93.44,previous,P-0094
0.9080779999999891,0.17926810660935538,0.12683096969697588,-0.003145151515152378,94.122,previous,P-0095
0.8293215151514914,0.17806051882274204,0.10352830303030806,-0.07035509090909109,98.049,previous,P-0096
0.9689452121212128,0.17345013942402013,0.11921921212121855,-0.048391333333334785,95.838,previous,P-0097
1.1542536969696542,0.1849227849261646,0.13396206060606952,-0.10618521212121301,93.754,previous,P-0098
0.9837353939394049,0.19374935511853622,0.03777042424242821,-0.08166933333333581,97.392,previous,P-0099
0.8819119393939729,0.19131745151916466,0.1416727878787917,-0.06582963636363814,93.19,previous,P-0100
0.680616848484874,0.15952117611417135,0.10179793939394387,-0.03882921212121282,95.732,previous,P-0101
1.098342969696958,0.19416499188444053,0.11954842424242865,-0.033446606060607564,95.634,previous,P-0102
0.8371370909091027,0.15501281424528254,0.11784569696970083,0.0045359999999998735,96.565,previous,P-0103
0.9086113333332833,0.17902452445312242,0.1235086666666731,-0.06294733333333546,94.117,previous,P-0104
0.9364717575757595,0.18018670325946692,0.031177090909096757,-0.06420533333333722,94.285,previous,P-0105
0.8824273939393947,0.1909755822427824,0.1294407272727333,-0.06377733333333246,97.978,previous,P-0106
0.9531781818181457,0.18246115680446703,0.126647030303034,-0.1299349090909132,94.182,previous,P-0107
0.9319849696970053,0.17889058559642074,0.15267175757576307,-0.10604242424242827,95.006,previous,P-0108
0.9830552727272348,0.20675476543758642,0.0818020606060677,-0.06533309090908901,97.453,previous,P-0109
1.0205844848485341,0.1936160761425779,0.12151187878788461,-0.04294739393939828,96.164,previous,P-0110
1.0993958787878526,0.1814541578331549,0.12544212121212714,-0.08309351515151597,96.059,previous,P-0111
0.8768488484848902,0.16358370994210933,0.15096945454546204,-0.037350787878791536,96.182,previous,P-0112
0.8668946666666812,0.18591546164139594,0.1172480000000065,-0.0900506666666665,92.351,previous,P-0113
0.8694575757575436,0.18045460254229367,0.18372939393939844,-0.017348181818181985,95.463,previous,P-0114
0.9533531515151452,0.1786767365957731,0.20759727272727754,-0.08792478787879077,91.406,previous,P-0115
0.8696299393939597,0.17807932495796602,0.09568503030303686,-0.04771496969697253,97.535,previous,P-0116
0.8803593333333453,0.16063144154139478,0.09686866666667313,-0.12879533333333804,95.893,previous,P-0117
0.8745093333333287,0.17803520956983682,0.07694030303030898,-0.02287266666666632,94.884,previous,P-0118
0.9490286666666279,0.1984395457466872,0.11931290909091574,-0.06624393939394224,94.316,previous,P-0119
0.8956156363636509,0.2100958655137448,0.07717569696970056,-0.08059618181818351,100.21,previous,P-0120
0.9168069696969283,0.19300682795466356,0.02481084848485448,-0.07510551515151676,96.649,previous,P-0121
1.0445152121212047,0.18221688031316016,0.09097218181818674,-0.0756753333333382,96.373,previous,P-0122
0.9574471515151046,0.1925542924435192,0.037544363636370245,-0.07836157575757774,97.373,previous,P-0123
0.9772236363636324,0.1667302281375152,0.12868145454545893,-0.07316496969697184,96.118,previous,P-0124
0.9265607272727152,0.1762170982810004,0.10402975757576395,-0.10420951515151522,96.542,previous,P-0125
1.0143831515151547,0.21421175728710673,0.10350842424242918,-0.05725824242424338,95.614,previous,P-0126
0.8219641818181529,0.1846575365806396,0.06564006060606462,-0.06499848484848769,96.955,previous,P-0127
0.9815063636363561,0.18237998384732795,0.08169363636364167,-0.09015703030303257,95.436,previous,P-0128
0.8819195151515089,0.1898305309639639,0.130902181818189,-0.0601706666666697,95.855,previous,P-0129
0.964663333333327,0.19877476499927058,0.0983506060606123,-0.03946454545454792,96.313,previous,P-0130
0.9443884848484672,0.18958178874700765,0.142224545454551,-0.11233206060606626,95.145,previous,P-0131
1.0126373333333873,0.18778017451716517,0.11939272727273414,-0.03290448484848696,96.862,previous,P-0132
0.9126319999999737,0.18498102777156408,0.08216345454546015,-0.06975921212121428,93.996,previous,P-0133
1.0196203636363919,0.20186057993605686,0.11731248484849056,-0.044264484848485,96.587,previous,P-0134
0.9805513333333735,0.18673035824474837,0.18020733333333927,-0.15018321212121322,94.542,previous,P-0135
0.9429165454545654,0.19015522125733078,0.09850490909091358,-0.06996769696969807,96.42,previous,P-0136
0.972420727272727,0.1908759893398187,0.13044745454545922,-0.06925363636363713,96.98,previous,P-0137
1.1744256969697204,0.20930812757764736,0.07735309090909546,-0.10381987878788124,95.458,previous,P-0138
0.9326032727272775,0.198554766975886,0.05745139393940053,-0.050348121212120844,94.362,previous,P-0139
0.8359590303030231,0.18093874343813002,0.05050933333333972,-0.0615567272727251,96.363,previous,P-0140
0.9067714545454493,0.18300781930843946,0.12785460606061258,-0.048842848484850876,94.53,previous,P-0141
0.9874368484848546,0.1960004793334428,0.10845351515151966,-0.0615301212121242,97.731,previous,P-0142
1.0805191515151407,0.19177216486079,0.14349442424242997,-0.08500121212121314,95.607,previous,P-0143
0.9649042424242538,0.18702367593832844,0.17124224242424668,0.016323939393936726,96.045,previous,P-0144
0.9710016969696795,0.19312651260774713,0.14823157575758372,-0.11213242424242154,93.573,previous,P-0145
0.6660623030303086,0.15868602969576806,0.06779781818182075,-0.06451612121212058,95.277,previous,P-0146
0.976417575757587,0.18167524755411327,0.13189375757576113,-0.06448733333333578,97.752,previous,P-0147
0.6565529696969676,0.15758615813618032,0.10947551515152124,-0.09952848484848964,95.796,previous,P-0148
0.7733642424242575,0.1707522210222467,0.23661060606061216,-0.04339351515151613,93.288,previous,P-0149
1.187398787878756,0.22718952205939377,0.12683696969697655,-0.0976133333333351,90.492,previous,P-0150
0.778441030303064,0.16518339336674115,0.20581472727273403,-0.03210357575757605,93.378,previous,P-0151
0.8614885454545131,0.18680334264099374,0.1921297575757644,-0.0349593333333349,95.399,previous,P-0152
0.7988312727272344,0.17740794898592857,0.1261604848484904,-0.052645333333332545,95.918,previous,P-0153
0.9094921818181518,0.21101682057161048,0.04258127272728004,-0.11789424242424218,94.469,previous,P-0154
1.0729745454545778,0.22090587183993993,0.08694127272727901,-0.022131818181822638,98.057,previous,P-0155
0.9891785454545357,0.16261920414342962,0.13967733333333968,-0.11028036363636673,94.678,previous,P-0156
0.7444312727272688,0.17046018333838994,0.16920969696970314,-0.027389575757576168,93.656,previous,P-0157
0.9384875757575273,0.16548034283490498,0.11606769696970246,-0.06384842424242265,95.512,previous,P-0158
1.1778459393939542,0.21424083610012104,0.16432527272727837,-0.08582296969697367,94.712,previous,P-0159
1.064543939393971,0.20691687243600176,0.10164272727273319,-0.05397751515151583,93.624,previous,P-0160
0.9211309090908699,0.21402027294408524,0.09897800000000592,0.005257151515149161,97.811,previous,P-0161
1.1232701818182065,0.22998407257815975,0.06573636363637014,-0.10470618181818203,96.802,previous,P-0162
1.037505575757578,0.19166353475786368,0.05967103030303722,-0.04086727272727053,95.763,previous,P-0163
0.9958468484848382,0.19017601652575955,0.18182418181818694,-0.040304787878786996,97.444,previous,P-0164
0.8267816969696753,0.16414549418196792,0.16192884848485575,-0.05639709090909584,94.044,previous,P-0165
0.9318146666666536,0.20141197175516448,0.13871515151515834,-0.060455030303030455,94.318,previous,P-0166
1.0164682424242741,0.18237460084256477,0.14352557575758162,-0.028455393939397666,96.566,previous,P-0167
0.9881190909091018,0.20780257233635505,0.12976612121212774,-0.035123818181819644,97.245,previous,P-0168
1.0450032121212303,0.18888257507782558,0.0696375151515208,-0.022782606060610888,97.615,previous,P-0169
0.926978727272683,0.18283878950702417,0.10803775757576303,-0.11575812121212437,95.445,previous,P-0170
0.8459800000000328,0.162119373903643,0.11603600000000647,-0.016623636363636507,95.391,previous,P-0171
1.2501209090909384,0.2147329136556866,0.12393848484849145,-0.039170000000003924,94.764,previous,P-0172
0.7170149696969972,0.1641179471943975,0.14385848484849004,-0.04948103030302953,96.513,previous,P-0173
0.9570470909091071,0.17058271241488182,0.19034490909091642,0.02965727272726859,94.395,previous,P-0174
0.8953604848485384,0.1832384344792986,0.12141587878788541,-0.035866545454547705,96.676,previous,P-0175
0.9011467878788011,0.19318105792392276,0.11430412121212671,-0.019353818181819804,96.521,previous,P-0176
0.9216473333333184,0.19057871438276552,0.11590563636364223,-0.028717878787878348,96.007,previous,P-0177
1.0014154545454943,0.2077367718710974,0.13772309090909823,-0.08419230303030467,96.875,previous,P-0178
1.068506606060616,0.24023896617862758,0.1371811515151565,-0.04565424242424321,94.815,previous,P-0179
0.8427383030302948,0.17254290012218923,0.09973084848485442,-0.008169757575759107,97.177,previous,P-0180
0.9660798181818251,0.1891891633767159,0.15091400000000593,-0.06243290909091215,93.026,previous,P-0181
0.9766975757576262,0.2050765668802606,0.09202787878788542,-0.06915757575757908,95.1,previous,P-0182
0.7983250909090529,0.18561894887172073,0.10806084848485514,-0.03615490909090724,93.598,previous,P-0183
0.8713928484848665,0.1729795291458359,0.09799309090909675,-0.08962666666666941,94.257,previous,P-0184
0.8990370909090757,0.1833228582050938,0.20672096969697737,-0.026079030303030493,95.912,previous,P-0185
0.7973753939394328,0.17422952918666232,0.12819127272727932,-0.03462206060606299,95.075,previous,P-0186
0.690418787878798,0.16717774107962108,0.059423030303035695,-0.02665696969697251,98.532,previous,P-0187
0.9002907272726617,0.1797386282578963,0.18375993939394406,-0.029105515151519157,95.368,previous,P-0188
1.1019733333333122,0.22777454093400565,0.1328509090909169,-0.05618557575757954,94.903,previous,P-0189
1.0836792121212042,0.2011461884085876,0.1043716969697002,-0.037441515151519056,98.416,previous,P-0190
0.916371151515122,0.17495598921321834,0.10255042424242847,-0.07029551515151766,95.928,previous,P-0191
0.9610866666666666,0.20035468796936853,0.16577193939394538,-0.1023566666666671,94.884,previous,P-0192
0.9148615757575413,0.18850904713117317,0.21852084848485523,-0.06769430303030255,92.719,previous,P-0193
0.9012693939394012,0.19839062717237552,0.08618793939394483,-0.024186121212119716,94.904,previous,P-0194
1.053384303030306,0.22297409067538587,0.1067867272727329,-0.06822721212121685,94.853,previous,P-0195
0.8778919999999815,0.1819693375422791,0.12170315151515802,-0.049950424242426905,96.363,previous,P-0196
0.9070225454545167,0.17409640275712118,0.13916351515152045,-0.02430363636363886,94.959,previous,P-0197
0.86398181818182,0.14670229146637367,0.17015896969697544,-0.09934696969697043,95.44,previous,P-0198
0.9006414545454717,0.18150140289064617,0.08358472727273258,-0.16934872727272854,92.923,previous,P-0199
1.0588675151515048,0.18143134567912866,0.09370284848485312,-0.0651418787878768,98.337,previous,P-0200
0.8117664242424141,0.16580813714359802,0.15952557575758103,-0.014327757575760103,92.77,previous,P-0201
1.0528145454545026,0.177975918885197,0.15536424242424943,-0.06760242424242513,93.638,previous,P-0202
0.930110242424206,0.19953827010413705,0.08481569696970258,-0.06750563636363793,96.225,previous,P-0203
0.8512600000000248,0.18315406474861357,0.09874012121212603,-0.0038208484848514246,94.927,previous,P-0204
0.948819939393978,0.19148826638576102,0.10931945454546096,-0.05779678787878595,96.506,previous,P-0205
0.9978957575757477,0.18126118986933862,0.18987757575758102,-0.03296533333333507,93.585,previous,P-0206
0.7807179393939521,0.1783772426978424,0.1070215757575803,-0.04940060606061003,96.37,previous,P-0207
0.7911385454546007,0.17868341228747828,0.08253181818182412,0.016192060606057268,99.906,previous,P-0208
1.0360058787878756,0.2426788050827555,0.08431812121212466,-0.07088842424242436,97.664,previous,P-0209
0.8630725454545498,0.16476989709923012,0.08104054545455326,-0.04442745454545083,99.594,previous,P-0210
0.8854709090909054,0.19182293139562903,0.11144303030303765,-0.09549139393939576,98.326,previous,P-0211
0.856488060606047,0.191981587622908,0.07794296969697416,-0.09565993939393991,94.477,previous,P-0212
0.9458831515151047,0.1911415527823039,0.10771460606061206,-0.06609484848485003,95.16,previous,P-0213
0.8871264242424246,0.17264851730892353,0.13690666666667126,-0.0029832727272740556,96.172,previous,P-0214
0.9400403030303295,0.194247250034511,0.1531160606060666,-0.04429000000000016,96.384,previous,P-0215
0.9679546666666567,0.20297720478313744,0.14130957575758038,-0.052472848484848456,94.903,previous,P-0216
1.089378787878836,0.20449048535382383,0.13698884848485574,-0.10442690909091112,93.383,previous,P-0217
0.9739326060605791,0.19031837769515342,0.09621145454545947,-0.04530660606060799,93.544,previous,P-0218
0.8893480606061033,0.1908256137538021,0.1550009090909166,-0.03651133333333867,93.625,previous,P-0219
0.9771944242424269,0.2034943600845301,0.1064807878787921,-0.10189266666666796,93.943,previous,P-0220
1.05908684848486,0.1813509574613589,0.14162296969697347,-0.08118636363636256,96.77,previous,P-0221
0.9859050909091138,0.20800415700515285,0.17909763636364176,-0.07675242424242512,94.116,previous,P-0222
1.0177361818181794,0.18171872056935615,0.16173727272727983,-0.06281581818181792,98.188,previous,P-0223
0.8570660000000316,0.18368017269163864,0.11200757575758451,-0.054262242424242046,97.988,previous,P-0224
0.8785041212121456,0.179180761963155,0.08553624242425033,-0.07078290909091223,99.511,previous,P-0225
1.1067744848484793,0.18389241093384132,0.08000818181819155,-0.04660866666666763,97.854,previous,P-0226
1.0144653333333054,0.21455634249595681,0.09380866666667338,-0.02424963636363664,97.167,previous,P-0227
0.8507443636363661,0.17316150453016824,0.10364436363636959,-0.031089696969699432,97.711,previous,P-0228
0.8819598787878462,0.17654622268883893,0.1801461818181883,-0.0426046060606069,93.617,previous,P-0229
0.7730315151515015,0.17738701567459644,0.1267918787878846,-0.06490715151515225,95.353,previous,P-0230
0.7897064848484732,0.1662853169086923,0.1288603030303103,-0.09987290909090873,96.308,previous,P-0231
1.2248546666666726,0.17800674123870788,0.2073385454545506,-0.01719321212121727,96.722,previous,P-0232
1.0606747878787814,0.18158907707905872,0.23986763636364244,-0.0489575757575782,92.661,previous,P-0233
0.9219599999999772,0.17033020511543667,0.11482666666667261,-0.05731866666666896,95.777,previous,P-0234
0.7974926060606293,0.18321773790898335,0.057791030303035826,-0.07023430303030409,96.537,previous,P-0235
0.8037732121212215,0.1663200680157317,0.11737157575758178,-0.011865030303029656,95.873,previous,P-0236
1.0623544242424217,0.1904434147434657,0.0682447272727339,-0.037150424242422986,97.171,previous,P-0237
0.8968504242424089,0.18715745023164898,0.04688278787879508,-0.10413866666666571,96.788,previous,P-0238
0.9922366666666775,0.18954711785479786,0.08161557575758055,-0.04706054545454563,97.255,previous,P-0239
0.920458000000032,0.1969804774815984,0.13403496969697665,-0.10281727272727359,93.076,previous,P-0240
0.9316777575757555,0.20818195326211736,0.15798357575758226,-0.04257775757575821,96.242,previous,P-0241
0.979303151515218,0.19824826957409034,0.11470284848485705,-0.05772151515151869,94.346,previous,P-0242
1.0472387878788183,0.19852749980857187,0.12621369696970502,-0.019872000000001222,96.345,previous,P-0243
1.0342830303030368,0.18793958691864668,0.0823139393939464,-0.09486909090909101,96.016,previous,P-0244
1.0075234545454705,0.1870896207898853,0.06987448484848993,-0.025883696969698278,97.616,previous,P-0245
0.9076195757575931,0.19435748185246277,0.14307448484849128,-0.10227060606060512,95.49,previous,P-0246
0.7612011515151877,0.17530650162717162,0.12463387878788552,-0.08389787878788013,96.999,previous,P-0247
0.9075779999999725,0.16632206683538373,0.12909278787879236,-0.0606115757575747,95.986,previous,P-0248
0.9184100606060994,0.17736896023688922,0.1343227878787932,-0.0253752727272758,95.755,previous,P-0249
1.0838339393939052,0.19227378153173985,0.13362090909091526,-0.08120066666667114,96.484,previous,P-0250
0.8245990303029771,0.18038503106175813,0.16578436363637022,-0.00956303030303296,95.017,previous,P-0251
0.9242693333332994,0.18705412452897954,0.18768515151515783,-0.06566503030303039,96.703,previous,P-0252
0.9983540000000417,0.19955125182154457,0.06661763636364328,-0.02281727272727352,94.818,previous,P-0253
1.1686588484848386,0.20945801216856336,0.09651812121212766,-0.07393981818182205,96.533,previous,P-0254
0.8106072727272391,0.18872474387085908,0.12040903030303803,-0.040078121212118845,96.118,previous,P-0255
0.9212866666666528,0.17996978713443007,0.14494630303030814,-0.10428593939393949,95.977,previous,P-0256
0.8493121818181706,0.1703279628318691,0.08360018181818724,-0.08842818181818402,96.09,previous,P-0257
0.9577239999999776,0.19162542233632682,0.10675442424243044,-0.04076715151515309,95.812,previous,P-0258
1.0550873939393526,0.19637505676275596,0.1718713333333384,-0.11902903030303236,93.284,previous,P-0259
0.9741847272726787,0.1833110907762421,0.25390169696970266,-0.07326933333333585,92.169,previous,P-0260
0.9536516363636309,0.17072745445938653,0.17074727272727674,-0.0873134545454537,97.042,previous,P-0261
0.9048566666666673,0.20812227958094684,0.07456636363636725,-0.05874515151514892,95.566,previous,P-0262
1.0837102424242104,0.18231610166968323,0.12713024242424842,-0.023856424242424623,96.178,previous,P-0263
0.963580969696963,0.18383259922433698,0.1750711515151569,-0.06990775757575918,95.285,previous,P-0264
1.1528060606060464,0.22359718471807494,0.1304312121212159,-0.10664006060606113,94.807,previous,P-0265
0.9406174545454391,0.19242564506937096,0.10875418181818675,-0.06132472727272642,94.932,previous,P-0266
0.8426146666666554,0.1825129549231727,0.10950896969697474,-0.04822545454545768,96.187,previous,P-0267
0.8797009696969411,0.20012753107418332,0.07120793939394467,-0.08141121212121227,96.356,previous,P-0268
0.8525484848484837,0.17185983497165636,0.13687769696970287,-0.09949030303030426,94.922,previous,P-0269
0.8098563636363423,0.17237789595906072,0.09183418181818777,-0.0366854545454558,95.915,previous,P-0270
0.9361025454545526,0.17647569355382348,0.09372551515152254,-0.008822969696971938,97.894,previous,P-0271
0.875673454545435,0.1800909578875311,0.08322278787879292,-0.04468606060606284,96.256,previous,P-0272
0.8263055757575941,0.1819374414605526,0.17115539393939974,-0.043475030303032014,93.556,previous,P-0273
1.0438247272727494,0.19049773648675108,0.13581351515152001,-0.039662242424245875,96.618,previous,P-0274
0.8132690909090812,0.18493674757054016,0.1125468484848543,-0.05639036363636585,95.486,previous,P-0275
0.9108603636363171,0.1833181009108914,0.11932824242424708,-0.05637151515151473,95.057,previous,P-0276
0.9497624242424436,0.18323981920836682,0.15163733333333868,-0.04128690909090871,97.098,previous,P-0277
0.9185047272726905,0.1724126598325817,0.1924276363636419,-0.10696472727273054,93.416,previous,P-0278
1.3059547272727485,0.22682333932506984,0.11742430303030817,-0.05644066666667236,96.867,previous,P-0279
1.161875999999971,0.20168190176912731,0.15976169696970555,-0.06001139393939603,95.37,previous,P-0280
0.9776572727272708,0.1691518826152191,0.1069667272727341,-0.06035872727273173,98.116,previous,P-0281
1.0956763636363007,0.18937451362393773,0.11890133333334083,-0.032552606060608724,95.732,previous,P-0282
0.8852156363636183,0.19014479463062212,0.0994712121212172,-0.11987169696969957,96.283,previous,P-0283
0.8878951515151456,0.1687277555166814,0.13009915151515666,-0.09159672727273005,96.727,previous,P-0284
0.7207647878788137,0.15580023403889925,0.10067848484849129,-0.10647157575757937,94.832,previous,P-0285
1.1793472121212147,0.21820008168991356,0.18700357575758184,-0.07982539393939625,91.193,previous,P-0286
0.9833372727272618,0.1906562215126602,0.15438042424243004,-0.044931939393942244,96.457,previous,P-0287
1.0210575757575526,0.2198575509221478,0.13917993939394424,-0.10808575757575767,92.759,previous,P-0288
0.9902314545454871,0.19715026417315648,0.14759436363636896,-0.027365272727273293,97.517,previous,P-0289
0.8338636363635814,0.1784251540250091,0.11020606060606898,-0.08222278787878956,95.997,previous,P-0290
0.8468635151515187,0.18709723805777598,0.10968521212121714,-0.058946060606064776,95.266,previous,P-0291
0.8097683636363442,0.16872927393007328,0.13612484848485593,-0.08494763636363878,94.985,previous,P-0292
0.8681350303030229,0.15978569234313758,0.19373248484849015,-0.09210375757575662,93.397,previous,P-0293
1.0242808484848709,0.1923337440130064,0.08590654545454994,-0.05409224242424493,98.215,previous,P-0294
0.8858445454545532,0.17635947759266465,0.015891212121218187,-0.0563178787878833,98.072,previous,P-0295
1.0032403636363512,0.2249417623477708,0.11819103030303499,-0.0428612121212133,93.396,previous,P-0296
1.1782239999999788,0.17305957703118333,0.14565921212122174,-0.026012666666670015,97.065,previous,P-0297
0.9816427878787763,0.19577210792669253,0.07573018181818682,-0.005066666666669661,95.471,previous,P-0298
1.1250151515151288,0.20827659524310593,0.07957709090909536,-0.06612678787879211,97.436,previous,P-0299
